id;company_name;business_register_number;unique_identification_number;business_domicile;business_email;business_phone;country;city;business_logo;business_logo_content_type;map_locator;map_locator_content_type
1;deceivingly;romanticise lest er;mockingly massive;effective toward;"#U7cQ@|1M!.6f/{n";dutiful;CAMEROON;Murfreesboro;../fake-data/blob/hipster.png;image/png;../fake-data/blob/hipster.png;image/png
3;prior fawn seriously;circa rewrite intensely;tomorrow gosh pish;than haircut barring;"KUgR*X@2h^MN.~a6W";nearly well indeed;COTE_IVOIRE;Shanybury;../fake-data/blob/hipster.png;image/png;../fake-data/blob/hipster.png;image/png
4;gingerbread pish;ew outside after;ew;bah;"vQ~@iA(.h>P:S";after;COTE_IVOIRE;Clintville;../fake-data/blob/hipster.png;image/png;../fake-data/blob/hipster.png;image/png
5;yippee ack;as an;sans;alongside;"FOJz@7A.<v";than;COTE_IVOIRE;Laurelfort;../fake-data/blob/hipster.png;image/png;../fake-data/blob/hipster.png;image/png
6;firm forenenst while;ouch frightfully;grub;smart but;"S}3v@4.$C";geez unwilling;SENEGAL;North Germaine;../fake-data/blob/hipster.png;image/png;../fake-data/blob/hipster.png;image/png
7;aside;noisily given helpfully;off;how scarification klap;"\Ks@'>:8c.yS";but who amortise;SENEGAL;Noblesville;../fake-data/blob/hipster.png;image/png;../fake-data/blob/hipster.png;image/png
8;despite;waistband front brisk;trachoma;tangle sadly to;"FhQF~2@{6ik.!";view minus to;MALI;Tinley Park;../fake-data/blob/hipster.png;image/png;../fake-data/blob/hipster.png;image/png
9;warren;freak full;shyly sharp;randomize except;"U|8X4}@&.8-,zjK";athwart;CAMEROON;Pinellas Park;../fake-data/blob/hipster.png;image/png;../fake-data/blob/hipster.png;image/png
10;unto yuck;base;scorn;grandfather steward but;"4eJz?x@FL<.A";reproachfully;CAMEROON;South Kirsten;../fake-data/blob/hipster.png;image/png;../fake-data/blob/hipster.png;image/png
